key,target,type,p,range,score
894,0,test,0.22437616,"[0.224, 0.516)",706
884,1,test,0.79365903,"[0.794, 0.894)",893
128,1,test,0.79365903,"[0.794, 0.894)",893
42,0,test,0.22437616,"[0.224, 0.516)",706
637,1,test,0.79365903,"[0.794, 0.894)",893
719,0,test,0.22437616,"[0.224, 0.516)",706
358,0,test,0.219093,"[0.219, 0.224)",704
209,0,test,0.22437616,"[0.224, 0.516)",706
2,1,test,0.79365903,"[0.794, 0.894)",893
668,1,test,0.79365903,"[0.794, 0.894)",893
640,1,test,0.79365903,"[0.794, 0.894)",893
800,0,test,0.20268339,"[0.203, 0.219)",697
293,0,test,0.22437616,"[0.224, 0.516)",706
555,0,test,0.22437616,"[0.224, 0.516)",706
988,0,test,0.22437616,"[0.224, 0.516)",706
820,1,test,0.79365903,"[0.794, 0.894)",893
248,0,test,0.20268339,"[0.203, 0.219)",697
60,0,test,0.22437616,"[0.224, 0.516)",706
682,1,test,0.79365903,"[0.794, 0.894)",893
995,0,test,0.22437616,"[0.224, 0.516)",706
284,0,test,0.20268339,"[0.203, 0.219)",697
385,1,test,0.79365903,"[0.794, 0.894)",893
813,0,test,0.22437616,"[0.224, 0.516)",706
862,0,test,0.22100036,"[0.219, 0.224)",704
643,0,test,0.20268339,"[0.203, 0.219)",697
717,0,test,0.22437616,"[0.224, 0.516)",706
10,1,test,0.79365903,"[0.794, 0.894)",893
18,1,test,0.79365903,"[0.794, 0.894)",893
948,1,test,0.79365903,"[0.794, 0.894)",893
938,0,test,0.22437616,"[0.224, 0.516)",706
801,0,test,0.22437616,"[0.224, 0.516)",706
625,1,test,0.79365903,"[0.794, 0.894)",893
141,1,test,0.79365903,"[0.794, 0.894)",893
11,1,test,0.79365903,"[0.794, 0.894)",893
919,1,test,0.79365903,"[0.794, 0.894)",893
297,0,test,0.22437616,"[0.224, 0.516)",706
593,0,test,0.22437616,"[0.224, 0.516)",706
343,0,test,0.22437616,"[0.224, 0.516)",706
208,1,test,0.79365903,"[0.794, 0.894)",893
101,1,test,0.79365903,"[0.794, 0.894)",893
537,0,test,0.22437616,"[0.224, 0.516)",706
281,0,test,0.22437616,"[0.224, 0.516)",706
445,0,test,0.22437616,"[0.224, 0.516)",706
901,1,test,0.79365903,"[0.794, 0.894)",893
376,1,test,0.79365903,"[0.794, 0.894)",893
871,1,test,0.79365903,"[0.794, 0.894)",893
179,0,test,0.22437616,"[0.224, 0.516)",706
951,0,test,0.22437616,"[0.224, 0.516)",706
911,1,test,0.516188,"[0.516, 0.794)",800
926,1,test,0.79365903,"[0.794, 0.894)",893
198,1,test,0.79365903,"[0.794, 0.894)",893
785,0,test,0.22437616,"[0.224, 0.516)",706
764,0,test,0.22437616,"[0.224, 0.516)",706
899,1,test,0.79365903,"[0.794, 0.894)",893
727,1,test,0.79365903,"[0.794, 0.894)",893
604,1,test,0.79365903,"[0.794, 0.894)",893
819,1,test,0.79365903,"[0.794, 0.894)",893
187,1,test,0.79365903,"[0.794, 0.894)",893
428,1,test,0.79365903,"[0.794, 0.894)",893
968,0,test,0.22437616,"[0.224, 0.516)",706
25,1,test,0.79365903,"[0.794, 0.894)",893
325,0,test,0.22437616,"[0.224, 0.516)",706
412,1,test,0.79365903,"[0.794, 0.894)",893
874,1,test,0.79365903,"[0.794, 0.894)",893
355,0,test,0.219093,"[0.219, 0.224)",704
487,0,test,0.22437616,"[0.224, 0.516)",706
956,0,test,0.22437616,"[0.224, 0.516)",706
928,1,test,0.79365903,"[0.794, 0.894)",893
90,1,test,0.79365903,"[0.794, 0.894)",893
961,0,test,0.22437616,"[0.224, 0.516)",706
626,1,test,0.79365903,"[0.794, 0.894)",893
460,1,test,0.79365903,"[0.794, 0.894)",893
748,1,test,0.79365903,"[0.794, 0.894)",893
427,0,test,0.79365903,"[0.794, 0.894)",893
100,0,test,0.22437616,"[0.224, 0.516)",706
869,1,test,0.79365903,"[0.794, 0.894)",893
251,0,test,0.22437616,"[0.224, 0.516)",706
225,0,test,0.22437616,"[0.224, 0.516)",706
62,0,test,0.22437616,"[0.224, 0.516)",706
611,1,test,0.79365903,"[0.794, 0.894)",893
171,0,test,0.219093,"[0.219, 0.224)",704
550,1,test,0.79365903,"[0.794, 0.894)",893
780,1,test,0.79365903,"[0.794, 0.894)",893
713,1,test,0.79365903,"[0.794, 0.894)",893
244,1,test,0.79365903,"[0.794, 0.894)",893
619,1,test,0.79365903,"[0.794, 0.894)",893
455,1,test,0.79365903,"[0.794, 0.894)",893
366,1,test,0.79365903,"[0.794, 0.894)",893
352,0,test,0.22437616,"[0.224, 0.516)",706
317,1,test,0.79365903,"[0.794, 0.894)",893
153,1,test,0.79365903,"[0.794, 0.894)",893
753,1,test,0.79365903,"[0.794, 0.894)",893
373,1,test,0.79365903,"[0.794, 0.894)",893
660,0,test,0.20268339,"[0.203, 0.219)",697
829,1,test,0.79365903,"[0.794, 0.894)",893
963,0,test,0.22437616,"[0.224, 0.516)",706
936,1,test,0.79365903,"[0.794, 0.894)",893
440,0,test,0.22437616,"[0.224, 0.516)",706
289,0,test,0.22437616,"[0.224, 0.516)",706
451,1,test,0.79365903,"[0.794, 0.894)",893
685,0,test,0.22437616,"[0.224, 0.516)",706
613,0,test,0.22437616,"[0.224, 0.516)",706
755,1,test,0.79365903,"[0.794, 0.894)",893
86,0,test,0.22437616,"[0.224, 0.516)",706
718,0,test,0.22437616,"[0.224, 0.516)",706
107,0,test,0.22437616,"[0.224, 0.516)",706
103,0,test,0.22437616,"[0.224, 0.516)",706
204,1,test,0.79365903,"[0.794, 0.894)",893
182,1,test,0.79365903,"[0.794, 0.894)",893
349,1,test,0.79365903,"[0.794, 0.894)",893
372,1,test,0.79365903,"[0.794, 0.894)",893
958,1,test,0.79365903,"[0.794, 0.894)",893
201,1,test,0.79365903,"[0.794, 0.894)",893
789,0,test,0.22437616,"[0.224, 0.516)",706
530,1,test,0.79365903,"[0.794, 0.894)",893
694,0,test,0.22437616,"[0.224, 0.516)",706
561,0,test,0.22437616,"[0.224, 0.516)",706
124,0,test,0.22437616,"[0.224, 0.516)",706
299,1,test,0.79365903,"[0.794, 0.894)",893
632,0,test,0.22437616,"[0.224, 0.516)",706
842,1,test,0.79365903,"[0.794, 0.894)",893
566,0,test,0.22437616,"[0.224, 0.516)",706
232,0,test,0.22437616,"[0.224, 0.516)",706
57,0,test,0.22437616,"[0.224, 0.516)",706
490,1,test,0.79365903,"[0.794, 0.894)",893
960,1,test,0.79365903,"[0.794, 0.894)",893
261,1,test,0.79365903,"[0.794, 0.894)",893
667,0,test,0.22437616,"[0.224, 0.516)",706
762,0,test,0.22437616,"[0.224, 0.516)",706
569,1,test,0.28252086,"[0.224, 0.516)",728
202,0,test,0.22437616,"[0.224, 0.516)",706
882,1,test,0.79365903,"[0.794, 0.894)",893
212,0,test,0.22437616,"[0.224, 0.516)",706
567,0,test,0.22437616,"[0.224, 0.516)",706
598,0,test,0.22437616,"[0.224, 0.516)",706
104,0,test,0.22437616,"[0.224, 0.516)",706
282,1,test,0.79365903,"[0.794, 0.894)",893
347,0,test,0.22437616,"[0.224, 0.516)",706
314,0,test,0.22437616,"[0.224, 0.516)",706
565,0,test,0.22437616,"[0.224, 0.516)",706
21,0,test,0.219093,"[0.219, 0.224)",704
328,1,test,0.79365903,"[0.794, 0.894)",893
469,1,test,0.79365903,"[0.794, 0.894)",893
80,1,test,0.79365903,"[0.794, 0.894)",893
771,0,test,0.22437616,"[0.224, 0.516)",706
940,1,test,0.79365903,"[0.794, 0.894)",893
326,0,test,0.22437616,"[0.224, 0.516)",706
341,1,test,0.79365903,"[0.794, 0.894)",893
367,0,test,0.22437616,"[0.224, 0.516)",706
184,1,test,0.79365903,"[0.794, 0.894)",893
597,1,test,0.79365903,"[0.794, 0.894)",893
733,1,test,0.79365903,"[0.794, 0.894)",893
155,0,test,0.22437616,"[0.224, 0.516)",706
224,0,test,0.22437616,"[0.224, 0.516)",706
274,0,test,0.22437616,"[0.224, 0.516)",706
981,1,test,0.79365903,"[0.794, 0.894)",893
193,1,test,0.79365903,"[0.794, 0.894)",893
989,0,test,0.22437616,"[0.224, 0.516)",706
974,0,test,0.219093,"[0.219, 0.224)",704
408,1,test,0.5333492,"[0.516, 0.794)",805
750,0,test,0.20562994,"[0.203, 0.219)",698
254,0,test,0.22437616,"[0.224, 0.516)",706
686,1,test,0.79365903,"[0.794, 0.894)",893
249,1,test,0.219093,"[0.219, 0.224)",704
544,1,test,0.79365903,"[0.794, 0.894)",893
954,0,test,0.22437616,"[0.224, 0.516)",706
215,0,test,0.20268339,"[0.203, 0.219)",697
650,1,test,0.79365903,"[0.794, 0.894)",893
59,1,test,0.79365903,"[0.794, 0.894)",893
40,1,test,0.79365903,"[0.794, 0.894)",893
364,1,test,0.22437616,"[0.224, 0.516)",706
14,0,test,0.22437616,"[0.224, 0.516)",706
286,1,test,0.79365903,"[0.794, 0.894)",893
661,0,test,0.20268339,"[0.203, 0.219)",697
533,1,test,0.79365903,"[0.794, 0.894)",893
671,0,test,0.22437616,"[0.224, 0.516)",706
703,1,test,0.79365903,"[0.794, 0.894)",893
747,1,test,0.79365903,"[0.794, 0.894)",893
456,1,test,0.79365903,"[0.794, 0.894)",893
955,0,test,0.22437616,"[0.224, 0.516)",706
24,1,test,0.79365903,"[0.794, 0.894)",893
562,0,test,0.22437616,"[0.224, 0.516)",706
217,0,test,0.22437616,"[0.224, 0.516)",706
978,1,test,0.79365903,"[0.794, 0.894)",893
160,0,test,0.22437616,"[0.224, 0.516)",706
237,0,test,0.219093,"[0.219, 0.224)",704
255,1,test,0.516188,"[0.516, 0.794)",800
453,1,test,0.79365903,"[0.794, 0.894)",893
649,1,test,0.20268339,"[0.203, 0.219)",697
638,0,test,0.22100036,"[0.219, 0.224)",704
290,0,test,0.22437616,"[0.224, 0.516)",706
327,1,test,0.79365903,"[0.794, 0.894)",893
287,1,test,0.79365903,"[0.794, 0.894)",893
138,1,test,0.79365903,"[0.794, 0.894)",893
758,1,test,0.79365903,"[0.794, 0.894)",893
146,0,test,0.20268339,"[0.203, 0.219)",697
830,0,test,0.22437616,"[0.224, 0.516)",706
799,0,test,0.22437616,"[0.224, 0.516)",706
413,1,test,0.516188,"[0.516, 0.794)",800
605,1,test,0.219093,"[0.219, 0.224)",704
197,0,test,0.22437616,"[0.224, 0.516)",706
172,1,test,0.79365903,"[0.794, 0.894)",893
83,1,test,0.79365903,"[0.794, 0.894)",893
580,0,test,0.22437616,"[0.224, 0.516)",706
807,0,test,0.22437616,"[0.224, 0.516)",706
483,0,test,0.22437616,"[0.224, 0.516)",706
987,0,test,0.22437616,"[0.224, 0.516)",706
900,0,test,0.22437616,"[0.224, 0.516)",706
665,1,test,0.79365903,"[0.794, 0.894)",893
639,1,test,0.79365903,"[0.794, 0.894)",893
342,0,test,0.22437616,"[0.224, 0.516)",706
464,0,test,0.22437616,"[0.224, 0.516)",706
498,1,test,0.79365903,"[0.794, 0.894)",893
906,1,test,0.79365903,"[0.794, 0.894)",893
439,1,test,0.79365903,"[0.794, 0.894)",893
384,0,test,0.22437616,"[0.224, 0.516)",706
553,0,test,0.22437616,"[0.224, 0.516)",706
489,0,test,0.22437616,"[0.224, 0.516)",706
356,0,test,0.22437616,"[0.224, 0.516)",706
448,0,test,0.22437616,"[0.224, 0.516)",706
177,1,test,0.79365903,"[0.794, 0.894)",893
142,0,test,0.22437616,"[0.224, 0.516)",706
817,1,test,0.79365903,"[0.794, 0.894)",893
480,0,test,0.22437616,"[0.224, 0.516)",706
77,0,test,0.22437616,"[0.224, 0.516)",706
760,1,test,0.79365903,"[0.794, 0.894)",893
607,1,test,0.79365903,"[0.794, 0.894)",893
618,1,test,0.79365903,"[0.794, 0.894)",893
78,0,test,0.22437616,"[0.224, 0.516)",706
419,0,test,0.22437616,"[0.224, 0.516)",706
933,1,test,0.79365903,"[0.794, 0.894)",893
581,0,test,0.22100036,"[0.219, 0.224)",704
922,0,test,0.22437616,"[0.224, 0.516)",706
306,1,test,0.79365903,"[0.794, 0.894)",893
45,1,test,0.79365903,"[0.794, 0.894)",893
429,0,test,0.22437616,"[0.224, 0.516)",706
788,1,test,0.22437616,"[0.224, 0.516)",706
433,0,test,0.22437616,"[0.224, 0.516)",706
131,1,test,0.5333492,"[0.516, 0.794)",805
270,0,test,0.22437616,"[0.224, 0.516)",706
617,1,test,0.79365903,"[0.794, 0.894)",893
582,1,test,0.79365903,"[0.794, 0.894)",893
907,0,test,0.22437616,"[0.224, 0.516)",706
150,1,test,0.79365903,"[0.794, 0.894)",893
262,1,test,0.79365903,"[0.794, 0.894)",893
163,1,test,0.7559056,"[0.516, 0.794)",877
241,0,test,0.22437616,"[0.224, 0.516)",706
226,1,test,0.516188,"[0.516, 0.794)",800
252,0,test,0.219093,"[0.219, 0.224)",704
51,1,test,0.7559056,"[0.516, 0.794)",877
418,1,test,0.79365903,"[0.794, 0.894)",893
506,0,test,0.22437616,"[0.224, 0.516)",706
63,1,test,0.79365903,"[0.794, 0.894)",893
417,1,test,0.79365903,"[0.794, 0.894)",893
730,1,test,0.79365903,"[0.794, 0.894)",893
463,1,test,0.79365903,"[0.794, 0.894)",893
75,1,test,0.79365903,"[0.794, 0.894)",893
303,1,test,0.79365903,"[0.794, 0.894)",893
58,0,test,0.22437616,"[0.224, 0.516)",706
250,0,test,0.219093,"[0.219, 0.224)",704
210,1,test,0.43460673,"[0.224, 0.516)",776
68,0,test,0.22437616,"[0.224, 0.516)",706
676,1,test,0.22437616,"[0.224, 0.516)",706
586,1,test,0.79365903,"[0.794, 0.894)",893
322,0,test,0.79365903,"[0.794, 0.894)",893
863,0,test,0.22437616,"[0.224, 0.516)",706
399,0,test,0.219093,"[0.219, 0.224)",704
397,1,test,0.79365903,"[0.794, 0.894)",893
930,1,test,0.7559056,"[0.516, 0.794)",877
865,1,test,0.79365903,"[0.794, 0.894)",893
294,0,test,0.22437616,"[0.224, 0.516)",706
318,1,test,0.79365903,"[0.794, 0.894)",893
89,1,test,0.79365903,"[0.794, 0.894)",893
368,0,test,0.22437616,"[0.224, 0.516)",706
861,1,test,0.79365903,"[0.794, 0.894)",893
525,1,test,0.79365903,"[0.794, 0.894)",893
382,1,test,0.43460673,"[0.224, 0.516)",776
601,0,test,0.22437616,"[0.224, 0.516)",706
895,0,test,0.22437616,"[0.224, 0.516)",706
535,1,test,0.79365903,"[0.794, 0.894)",893
41,1,test,0.516188,"[0.516, 0.794)",800
415,0,test,0.20268339,"[0.203, 0.219)",697
149,0,test,0.22437616,"[0.224, 0.516)",706
91,1,test,0.79365903,"[0.794, 0.894)",893
834,1,test,0.79365903,"[0.794, 0.894)",893
560,1,test,0.79365903,"[0.794, 0.894)",893
44,0,test,0.22437616,"[0.224, 0.516)",706
106,1,test,0.79365903,"[0.794, 0.894)",893
39,0,test,0.22437616,"[0.224, 0.516)",706
16,0,test,0.22437616,"[0.224, 0.516)",706
765,1,test,0.79365903,"[0.794, 0.894)",893
893,1,test,0.79365903,"[0.794, 0.894)",893
393,0,test,0.22437616,"[0.224, 0.516)",706
744,0,test,0.22437616,"[0.224, 0.516)",706
967,1,test,0.79365903,"[0.794, 0.894)",893
644,0,test,0.20562994,"[0.203, 0.219)",698
438,0,test,0.22437616,"[0.224, 0.516)",706
246,1,test,0.79365903,"[0.794, 0.894)",893
308,1,test,0.79365903,"[0.794, 0.894)",893
444,1,test,0.79365903,"[0.794, 0.894)",893
678,0,train,0.22437616,"[0.224, 0.516)",706
35,0,train,0.22437616,"[0.224, 0.516)",706
859,1,train,0.79365903,"[0.794, 0.894)",893
471,1,train,0.79365903,"[0.794, 0.894)",893
513,0,train,0.22437616,"[0.224, 0.516)",706
885,1,train,0.22437616,"[0.224, 0.516)",706
850,0,train,0.22437616,"[0.224, 0.516)",706
99,0,train,0.22437616,"[0.224, 0.516)",706
365,0,train,0.20562994,"[0.203, 0.219)",698
19,0,train,0.22437616,"[0.224, 0.516)",706
395,0,train,0.219093,"[0.219, 0.224)",704
477,1,train,0.79365903,"[0.794, 0.894)",893
736,1,train,0.79365903,"[0.794, 0.894)",893
543,1,train,0.79365903,"[0.794, 0.894)",893
174,1,train,0.79365903,"[0.794, 0.894)",893
493,1,train,0.79365903,"[0.794, 0.894)",893
791,1,train,0.79365903,"[0.794, 0.894)",893
301,0,train,0.22437616,"[0.224, 0.516)",706
465,1,train,0.79365903,"[0.794, 0.894)",893
944,1,train,0.7559056,"[0.516, 0.794)",877
335,0,train,0.219093,"[0.219, 0.224)",704
725,0,train,0.22437616,"[0.224, 0.516)",706
511,1,train,0.79365903,"[0.794, 0.894)",893
876,1,train,0.22437616,"[0.224, 0.516)",706
655,1,train,0.79365903,"[0.794, 0.894)",893
181,0,train,0.22437616,"[0.224, 0.516)",706
692,1,train,0.79365903,"[0.794, 0.894)",893
344,1,train,0.79365903,"[0.794, 0.894)",893
534,0,train,0.22437616,"[0.224, 0.516)",706
732,1,train,0.79365903,"[0.794, 0.894)",893
214,1,train,0.79365903,"[0.794, 0.894)",893
816,1,train,0.22437616,"[0.224, 0.516)",706
243,1,train,0.79365903,"[0.794, 0.894)",893
770,0,train,0.22437616,"[0.224, 0.516)",706
786,1,train,0.79365903,"[0.794, 0.894)",893
379,1,train,0.79365903,"[0.794, 0.894)",893
802,1,train,0.79365903,"[0.794, 0.894)",893
769,1,train,0.79365903,"[0.794, 0.894)",893
684,1,train,0.79365903,"[0.794, 0.894)",893
679,1,train,0.79365903,"[0.794, 0.894)",893
578,0,train,0.22437616,"[0.224, 0.516)",706
271,0,train,0.22437616,"[0.224, 0.516)",706
888,0,train,0.22437616,"[0.224, 0.516)",706
196,0,train,0.22437616,"[0.224, 0.516)",706
476,1,train,0.79365903,"[0.794, 0.894)",893
941,1,train,0.79365903,"[0.794, 0.894)",893
971,0,train,0.22437616,"[0.224, 0.516)",706
982,0,train,0.22437616,"[0.224, 0.516)",706
409,1,train,0.79365903,"[0.794, 0.894)",893
321,1,train,0.79365903,"[0.794, 0.894)",893
414,0,train,0.22437616,"[0.224, 0.516)",706
843,1,train,0.7559056,"[0.516, 0.794)",877
231,0,train,0.22437616,"[0.224, 0.516)",706
965,1,train,0.79365903,"[0.794, 0.894)",893
468,0,train,0.22437616,"[0.224, 0.516)",706
470,0,train,0.22437616,"[0.224, 0.516)",706
161,0,train,0.22437616,"[0.224, 0.516)",706
17,0,train,0.22437616,"[0.224, 0.516)",706
711,1,train,0.79365903,"[0.794, 0.894)",893
154,1,train,0.79365903,"[0.794, 0.894)",893
783,0,train,0.22437616,"[0.224, 0.516)",706
486,0,train,0.22437616,"[0.224, 0.516)",706
628,1,train,0.79365903,"[0.794, 0.894)",893
821,0,train,0.22437616,"[0.224, 0.516)",706
61,0,train,0.22437616,"[0.224, 0.516)",706
629,1,train,0.79365903,"[0.794, 0.894)",893
953,0,train,0.35414898,"[0.224, 0.516)",752
977,1,train,0.79365903,"[0.794, 0.894)",893
307,1,train,0.79365903,"[0.794, 0.894)",893
115,0,train,0.22437616,"[0.224, 0.516)",706
814,1,train,0.79365903,"[0.794, 0.894)",893
405,0,train,0.22437616,"[0.224, 0.516)",706
571,0,train,0.20562994,"[0.203, 0.219)",698
517,0,train,0.22437616,"[0.224, 0.516)",706
70,1,train,0.79365903,"[0.794, 0.894)",893
169,0,train,0.22437616,"[0.224, 0.516)",706
203,0,train,0.22437616,"[0.224, 0.516)",706
674,0,train,0.22437616,"[0.224, 0.516)",706
796,0,train,0.22437616,"[0.224, 0.516)",706
185,1,train,0.79365903,"[0.794, 0.894)",893
353,0,train,0.22437616,"[0.224, 0.516)",706
392,0,train,0.22437616,"[0.224, 0.516)",706
136,1,train,0.79365903,"[0.794, 0.894)",893
242,0,train,0.20268339,"[0.203, 0.219)",697
708,1,train,0.79365903,"[0.794, 0.894)",893
38,1,train,0.22437616,"[0.224, 0.516)",706
973,0,train,0.22437616,"[0.224, 0.516)",706
651,0,train,0.22437616,"[0.224, 0.516)",706
917,0,train,0.22437616,"[0.224, 0.516)",706
991,0,train,0.22437616,"[0.224, 0.516)",706
905,1,train,0.79365903,"[0.794, 0.894)",893
402,1,train,0.43217158,"[0.224, 0.516)",776
267,1,train,0.79365903,"[0.794, 0.894)",893
338,1,train,0.79365903,"[0.794, 0.894)",893
275,0,train,0.20268339,"[0.203, 0.219)",697
700,0,train,0.22437616,"[0.224, 0.516)",706
298,1,train,0.79365903,"[0.794, 0.894)",893
579,1,train,0.79365903,"[0.794, 0.894)",893
716,0,train,0.22437616,"[0.224, 0.516)",706
114,1,train,0.79365903,"[0.794, 0.894)",893
482,0,train,0.22437616,"[0.224, 0.516)",706
673,1,train,0.79365903,"[0.794, 0.894)",893
924,0,train,0.22437616,"[0.224, 0.516)",706
426,1,train,0.79365903,"[0.794, 0.894)",893
319,1,train,0.79365903,"[0.794, 0.894)",893
339,0,train,0.22437616,"[0.224, 0.516)",706
844,0,train,0.22437616,"[0.224, 0.516)",706
990,1,train,0.79365903,"[0.794, 0.894)",893
73,0,train,0.22437616,"[0.224, 0.516)",706
903,0,train,0.22437616,"[0.224, 0.516)",706
253,0,train,0.22437616,"[0.224, 0.516)",706
452,0,train,0.219093,"[0.219, 0.224)",704
570,1,train,0.7559056,"[0.516, 0.794)",877
912,1,train,0.79365903,"[0.794, 0.894)",893
728,0,train,0.22437616,"[0.224, 0.516)",706
495,0,train,0.22437616,"[0.224, 0.516)",706
240,0,train,0.22437616,"[0.224, 0.516)",706
529,1,train,0.79365903,"[0.794, 0.894)",893
612,0,train,0.22437616,"[0.224, 0.516)",706
93,0,train,0.22437616,"[0.224, 0.516)",706
577,0,train,0.22437616,"[0.224, 0.516)",706
200,0,train,0.22437616,"[0.224, 0.516)",706
524,1,train,0.79365903,"[0.794, 0.894)",893
360,1,train,0.79365903,"[0.794, 0.894)",893
735,1,train,0.79365903,"[0.794, 0.894)",893
875,0,train,0.20562994,"[0.203, 0.219)",698
374,0,train,0.22437616,"[0.224, 0.516)",706
288,1,train,0.79365903,"[0.794, 0.894)",893
79,0,train,0.22437616,"[0.224, 0.516)",706
515,1,train,0.79365903,"[0.794, 0.894)",893
269,1,train,0.79365903,"[0.794, 0.894)",893
125,1,train,0.79365903,"[0.794, 0.894)",893
545,0,train,0.20562994,"[0.203, 0.219)",698
824,1,train,0.79365903,"[0.794, 0.894)",893
81,0,train,0.22437616,"[0.224, 0.516)",706
139,0,train,0.22437616,"[0.224, 0.516)",706
798,1,train,0.79365903,"[0.794, 0.894)",893
481,0,train,0.22437616,"[0.224, 0.516)",706
731,0,train,0.22437616,"[0.224, 0.516)",706
221,1,train,0.79365903,"[0.794, 0.894)",893
704,0,train,0.22437616,"[0.224, 0.516)",706
752,1,train,0.79365903,"[0.794, 0.894)",893
337,0,train,0.22437616,"[0.224, 0.516)",706
467,0,train,0.22437616,"[0.224, 0.516)",706
698,1,train,0.79365903,"[0.794, 0.894)",893
357,1,train,0.79365903,"[0.794, 0.894)",893
370,1,train,0.79365903,"[0.794, 0.894)",893
622,0,train,0.22437616,"[0.224, 0.516)",706
383,1,train,0.79365903,"[0.794, 0.894)",893
921,0,train,0.22437616,"[0.224, 0.516)",706
378,0,train,0.22437616,"[0.224, 0.516)",706
504,1,train,0.79365903,"[0.794, 0.894)",893
459,1,train,0.79365903,"[0.794, 0.894)",893
851,0,train,0.22437616,"[0.224, 0.516)",706
173,0,train,0.22437616,"[0.224, 0.516)",706
540,0,train,0.22437616,"[0.224, 0.516)",706
442,0,train,0.22437616,"[0.224, 0.516)",706
654,0,train,0.22437616,"[0.224, 0.516)",706
479,1,train,0.79365903,"[0.794, 0.894)",893
516,1,train,0.79365903,"[0.794, 0.894)",893
726,0,train,0.22437616,"[0.224, 0.516)",706
3,1,train,0.79365903,"[0.794, 0.894)",893
635,1,train,0.79365903,"[0.794, 0.894)",893
794,0,train,0.219093,"[0.219, 0.224)",704
410,0,train,0.20268339,"[0.203, 0.219)",697
857,0,train,0.22437616,"[0.224, 0.516)",706
478,1,train,0.79365903,"[0.794, 0.894)",893
390,1,train,0.79365903,"[0.794, 0.894)",893
183,0,train,0.22437616,"[0.224, 0.516)",706
159,1,train,0.7559056,"[0.516, 0.794)",877
134,0,train,0.22437616,"[0.224, 0.516)",706
790,1,train,0.79365903,"[0.794, 0.894)",893
52,0,train,0.22437616,"[0.224, 0.516)",706
738,1,train,0.79365903,"[0.794, 0.894)",893
551,0,train,0.22437616,"[0.224, 0.516)",706
162,0,train,0.20268339,"[0.203, 0.219)",697
423,1,train,0.79365903,"[0.794, 0.894)",893
751,0,train,0.22437616,"[0.224, 0.516)",706
205,0,train,0.22437616,"[0.224, 0.516)",706
624,0,train,0.22437616,"[0.224, 0.516)",706
588,0,train,0.22437616,"[0.224, 0.516)",706
235,0,train,0.22100036,"[0.219, 0.224)",704
532,1,train,0.79365903,"[0.794, 0.894)",893
381,0,train,0.22437616,"[0.224, 0.516)",706
71,0,train,0.219093,"[0.219, 0.224)",704
886,1,train,0.79365903,"[0.794, 0.894)",893
739,0,train,0.22437616,"[0.224, 0.516)",706
636,0,train,0.22100036,"[0.219, 0.224)",704
742,1,train,0.79365903,"[0.794, 0.894)",893
690,1,train,0.79365903,"[0.794, 0.894)",893
280,0,train,0.22437616,"[0.224, 0.516)",706
653,1,train,0.79365903,"[0.794, 0.894)",893
112,0,train,0.22437616,"[0.224, 0.516)",706
49,0,train,0.22437616,"[0.224, 0.516)",706
346,1,train,0.79365903,"[0.794, 0.894)",893
979,0,train,0.22437616,"[0.224, 0.516)",706
266,0,train,0.219093,"[0.219, 0.224)",704
804,1,train,0.79365903,"[0.794, 0.894)",893
396,0,train,0.22437616,"[0.224, 0.516)",706
454,1,train,0.79365903,"[0.794, 0.894)",893
158,0,train,0.22437616,"[0.224, 0.516)",706
22,0,train,0.22437616,"[0.224, 0.516)",706
573,1,train,0.79365903,"[0.794, 0.894)",893
720,0,train,0.20562994,"[0.203, 0.219)",698
658,0,train,0.22437616,"[0.224, 0.516)",706
76,0,train,0.22437616,"[0.224, 0.516)",706
473,1,train,0.516188,"[0.516, 0.794)",800
211,1,train,0.79365903,"[0.794, 0.894)",893
118,0,train,0.22437616,"[0.224, 0.516)",706
494,0,train,0.22437616,"[0.224, 0.516)",706
332,1,train,0.79365903,"[0.794, 0.894)",893
108,0,train,0.22437616,"[0.224, 0.516)",706
510,1,train,0.79365903,"[0.794, 0.894)",893
333,1,train,0.79365903,"[0.794, 0.894)",893
496,1,train,0.79365903,"[0.794, 0.894)",893
316,0,train,0.22437616,"[0.224, 0.516)",706
311,0,train,0.22437616,"[0.224, 0.516)",706
296,0,train,0.22437616,"[0.224, 0.516)",706
722,0,train,0.22437616,"[0.224, 0.516)",706
923,1,train,0.22437616,"[0.224, 0.516)",706
777,1,train,0.79365903,"[0.794, 0.894)",893
689,1,train,0.79365903,"[0.794, 0.894)",893
31,0,train,0.22437616,"[0.224, 0.516)",706
216,1,train,0.79365903,"[0.794, 0.894)",893
986,1,train,0.79365903,"[0.794, 0.894)",893
705,0,train,0.22437616,"[0.224, 0.516)",706
74,1,train,0.79365903,"[0.794, 0.894)",893
227,0,train,0.22437616,"[0.224, 0.516)",706
737,1,train,0.79365903,"[0.794, 0.894)",893
320,0,train,0.22100036,"[0.219, 0.224)",704
712,0,train,0.22437616,"[0.224, 0.516)",706
937,0,train,0.22437616,"[0.224, 0.516)",706
538,0,train,0.22437616,"[0.224, 0.516)",706
330,0,train,0.22437616,"[0.224, 0.516)",706
123,0,train,0.219093,"[0.219, 0.224)",704
32,1,train,0.79365903,"[0.794, 0.894)",893
229,1,train,0.79365903,"[0.794, 0.894)",893
845,1,train,0.79365903,"[0.794, 0.894)",893
606,0,train,0.22437616,"[0.224, 0.516)",706
147,1,train,0.79365903,"[0.794, 0.894)",893
602,1,train,0.79365903,"[0.794, 0.894)",893
403,1,train,0.79365903,"[0.794, 0.894)",893
915,1,train,0.79365903,"[0.794, 0.894)",893
547,0,train,0.22437616,"[0.224, 0.516)",706
993,0,train,0.22437616,"[0.224, 0.516)",706
110,0,train,0.22437616,"[0.224, 0.516)",706
72,0,train,0.22437616,"[0.224, 0.516)",706
910,0,train,0.22437616,"[0.224, 0.516)",706
206,1,train,0.79365903,"[0.794, 0.894)",893
135,0,train,0.22100036,"[0.219, 0.224)",704
677,1,train,0.22437616,"[0.224, 0.516)",706
976,1,train,0.79365903,"[0.794, 0.894)",893
55,0,train,0.20268339,"[0.203, 0.219)",697
186,0,train,0.22437616,"[0.224, 0.516)",706
627,1,train,0.79365903,"[0.794, 0.894)",893
964,1,train,0.79365903,"[0.794, 0.894)",893
591,0,train,0.22437616,"[0.224, 0.516)",706
497,1,train,0.79365903,"[0.794, 0.894)",893
305,0,train,0.22437616,"[0.224, 0.516)",706
466,0,train,0.22437616,"[0.224, 0.516)",706
691,1,train,0.43460673,"[0.224, 0.516)",776
310,1,train,0.79365903,"[0.794, 0.894)",893
119,1,train,0.79365903,"[0.794, 0.894)",893
741,0,train,0.22437616,"[0.224, 0.516)",706
527,0,train,0.22100036,"[0.219, 0.224)",704
192,0,train,0.22437616,"[0.224, 0.516)",706
65,0,train,0.22437616,"[0.224, 0.516)",706
849,1,train,0.79365903,"[0.794, 0.894)",893
130,0,train,0.22437616,"[0.224, 0.516)",706
434,0,train,0.219093,"[0.219, 0.224)",704
787,0,train,0.22437616,"[0.224, 0.516)",706
616,1,train,0.79365903,"[0.794, 0.894)",893
558,0,train,0.22437616,"[0.224, 0.516)",706
536,0,train,0.22437616,"[0.224, 0.516)",706
458,1,train,0.79365903,"[0.794, 0.894)",893
238,0,train,0.22437616,"[0.224, 0.516)",706
258,1,train,0.79365903,"[0.794, 0.894)",893
36,0,train,0.79365903,"[0.794, 0.894)",893
623,0,train,0.22437616,"[0.224, 0.516)",706
841,1,train,0.79365903,"[0.794, 0.894)",893
247,0,train,0.22437616,"[0.224, 0.516)",706
27,1,train,0.7559056,"[0.516, 0.794)",877
883,0,train,0.22437616,"[0.224, 0.516)",706
774,0,train,0.43460673,"[0.224, 0.516)",776
140,1,train,0.516188,"[0.516, 0.794)",800
12,1,train,0.79365903,"[0.794, 0.894)",893
313,1,train,0.79365903,"[0.794, 0.894)",893
272,1,train,0.79365903,"[0.794, 0.894)",893
641,1,train,0.79365903,"[0.794, 0.894)",893
552,0,train,0.22437616,"[0.224, 0.516)",706
23,0,train,0.22437616,"[0.224, 0.516)",706
199,1,train,0.79365903,"[0.794, 0.894)",893
92,0,train,0.22437616,"[0.224, 0.516)",706
9,1,train,0.79365903,"[0.794, 0.894)",893
916,1,train,0.516188,"[0.516, 0.794)",800
709,0,train,0.22437616,"[0.224, 0.516)",706
572,0,train,0.22437616,"[0.224, 0.516)",706
840,0,train,0.22437616,"[0.224, 0.516)",706
823,1,train,0.79365903,"[0.794, 0.894)",893
259,1,train,0.79365903,"[0.794, 0.894)",893
908,1,train,0.79365903,"[0.794, 0.894)",893
263,1,train,0.79365903,"[0.794, 0.894)",893
34,0,train,0.22437616,"[0.224, 0.516)",706
620,0,train,0.22437616,"[0.224, 0.516)",706
962,0,train,0.20268339,"[0.203, 0.219)",697
931,1,train,0.79365903,"[0.794, 0.894)",893
380,1,train,0.79365903,"[0.794, 0.894)",893
542,1,train,0.516188,"[0.516, 0.794)",800
295,1,train,0.79365903,"[0.794, 0.894)",893
631,1,train,0.79365903,"[0.794, 0.894)",893
369,0,train,0.22437616,"[0.224, 0.516)",706
740,1,train,0.79365903,"[0.794, 0.894)",893
223,1,train,0.79365903,"[0.794, 0.894)",893
541,0,train,0.22437616,"[0.224, 0.516)",706
878,1,train,0.79365903,"[0.794, 0.894)",893
656,1,train,0.79365903,"[0.794, 0.894)",893
178,1,train,0.79365903,"[0.794, 0.894)",893
815,1,train,0.79365903,"[0.794, 0.894)",893
672,0,train,0.22437616,"[0.224, 0.516)",706
398,1,train,0.79365903,"[0.794, 0.894)",893
837,1,train,0.79365903,"[0.794, 0.894)",893
942,1,train,0.79365903,"[0.794, 0.894)",893
872,1,train,0.79365903,"[0.794, 0.894)",893
608,0,train,0.22437616,"[0.224, 0.516)",706
6,1,train,0.79365903,"[0.794, 0.894)",893
947,1,train,0.79365903,"[0.794, 0.894)",893
156,1,train,0.79365903,"[0.794, 0.894)",893
371,0,train,0.22100036,"[0.219, 0.224)",704
102,0,train,0.22437616,"[0.224, 0.516)",706
234,0,train,0.22437616,"[0.224, 0.516)",706
309,0,train,0.22437616,"[0.224, 0.516)",706
505,1,train,0.79365903,"[0.794, 0.894)",893
190,0,train,0.219093,"[0.219, 0.224)",704
329,0,train,0.22437616,"[0.224, 0.516)",706
557,1,train,0.79365903,"[0.794, 0.894)",893
432,1,train,0.79365903,"[0.794, 0.894)",893
265,0,train,0.22437616,"[0.224, 0.516)",706
502,0,train,0.22437616,"[0.224, 0.516)",706
939,0,train,0.22437616,"[0.224, 0.516)",706
447,1,train,0.79365903,"[0.794, 0.894)",893
714,1,train,0.79365903,"[0.794, 0.894)",893
996,1,train,0.79365903,"[0.794, 0.894)",893
966,0,train,0.22437616,"[0.224, 0.516)",706
826,0,train,0.22437616,"[0.224, 0.516)",706
500,0,train,0.22437616,"[0.224, 0.516)",706
743,0,train,0.22437616,"[0.224, 0.516)",706
340,0,train,0.22437616,"[0.224, 0.516)",706
879,0,train,0.22437616,"[0.224, 0.516)",706
559,1,train,0.79365903,"[0.794, 0.894)",893
761,1,train,0.79365903,"[0.794, 0.894)",893
793,0,train,0.20268339,"[0.203, 0.219)",697
176,0,train,0.22437616,"[0.224, 0.516)",706
929,1,train,0.79365903,"[0.794, 0.894)",893
539,0,train,0.20268339,"[0.203, 0.219)",697
767,1,train,0.516188,"[0.516, 0.794)",800
520,1,train,0.79365903,"[0.794, 0.894)",893
285,1,train,0.79365903,"[0.794, 0.894)",893
890,0,train,0.22437616,"[0.224, 0.516)",706
697,0,train,0.22437616,"[0.224, 0.516)",706
836,0,train,0.22437616,"[0.224, 0.516)",706
913,0,train,0.22437616,"[0.224, 0.516)",706
609,0,train,0.22437616,"[0.224, 0.516)",706
315,1,train,0.79365903,"[0.794, 0.894)",893
864,1,train,0.79365903,"[0.794, 0.894)",893
528,0,train,0.22437616,"[0.224, 0.516)",706
902,1,train,0.43460673,"[0.224, 0.516)",776
400,1,train,0.79365903,"[0.794, 0.894)",893
331,0,train,0.22437616,"[0.224, 0.516)",706
778,0,train,0.22437616,"[0.224, 0.516)",706
324,0,train,0.22437616,"[0.224, 0.516)",706
475,0,train,0.22437616,"[0.224, 0.516)",706
803,0,train,0.22437616,"[0.224, 0.516)",706
657,1,train,0.79365903,"[0.794, 0.894)",893
120,1,train,0.79365903,"[0.794, 0.894)",893
904,1,train,0.79365903,"[0.794, 0.894)",893
994,1,train,0.79365903,"[0.794, 0.894)",893
891,0,train,0.22437616,"[0.224, 0.516)",706
575,0,train,0.22437616,"[0.224, 0.516)",706
868,1,train,0.79365903,"[0.794, 0.894)",893
474,0,train,0.219093,"[0.219, 0.224)",704
424,1,train,0.79365903,"[0.794, 0.894)",893
264,1,train,0.79365903,"[0.794, 0.894)",893
292,1,train,0.79365903,"[0.794, 0.894)",893
866,1,train,0.79365903,"[0.794, 0.894)",893
873,0,train,0.22437616,"[0.224, 0.516)",706
568,1,train,0.79365903,"[0.794, 0.894)",893
56,1,train,0.79365903,"[0.794, 0.894)",893
491,0,train,0.22437616,"[0.224, 0.516)",706
630,0,train,0.22437616,"[0.224, 0.516)",706
589,1,train,0.79365903,"[0.794, 0.894)",893
194,1,train,0.79365903,"[0.794, 0.894)",893
501,0,train,0.22437616,"[0.224, 0.516)",706
143,0,train,0.22437616,"[0.224, 0.516)",706
526,1,train,0.79365903,"[0.794, 0.894)",893
773,0,train,0.219093,"[0.219, 0.224)",704
421,0,train,0.22437616,"[0.224, 0.516)",706
699,1,train,0.79365903,"[0.794, 0.894)",893
485,1,train,0.79365903,"[0.794, 0.894)",893
304,1,train,0.79365903,"[0.794, 0.894)",893
779,1,train,0.79365903,"[0.794, 0.894)",893
702,1,train,0.79365903,"[0.794, 0.894)",893
389,1,train,0.79365903,"[0.794, 0.894)",893
950,0,train,0.219093,"[0.219, 0.224)",704
425,0,train,0.22437616,"[0.224, 0.516)",706
105,0,train,0.22437616,"[0.224, 0.516)",706
492,0,train,0.22437616,"[0.224, 0.516)",706
681,1,train,0.79365903,"[0.794, 0.894)",893
695,0,train,0.22437616,"[0.224, 0.516)",706
646,1,train,0.79365903,"[0.794, 0.894)",893
351,1,train,0.516188,"[0.516, 0.794)",800
512,0,train,0.22437616,"[0.224, 0.516)",706
323,0,train,0.22437616,"[0.224, 0.516)",706
144,1,train,0.79365903,"[0.794, 0.894)",893
233,0,train,0.22437616,"[0.224, 0.516)",706
13,0,train,0.22437616,"[0.224, 0.516)",706
839,0,train,0.22100036,"[0.219, 0.224)",704
721,0,train,0.22437616,"[0.224, 0.516)",706
763,1,train,0.79365903,"[0.794, 0.894)",893
759,0,train,0.22437616,"[0.224, 0.516)",706
166,0,train,0.20268339,"[0.203, 0.219)",697
283,1,train,0.79365903,"[0.794, 0.894)",893
935,0,train,0.22437616,"[0.224, 0.516)",706
723,1,train,0.79365903,"[0.794, 0.894)",893
230,0,train,0.22437616,"[0.224, 0.516)",706
806,1,train,0.79365903,"[0.794, 0.894)",893
88,1,train,0.79365903,"[0.794, 0.894)",893
781,0,train,0.22437616,"[0.224, 0.516)",706
847,1,train,0.79365903,"[0.794, 0.894)",893
782,1,train,0.79365903,"[0.794, 0.894)",893
664,1,train,0.79365903,"[0.794, 0.894)",893
959,1,train,0.79365903,"[0.794, 0.894)",893
47,1,train,0.79365903,"[0.794, 0.894)",893
768,0,train,0.20268339,"[0.203, 0.219)",697
228,1,train,0.79365903,"[0.794, 0.894)",893
245,0,train,0.20268339,"[0.203, 0.219)",697
554,1,train,0.79365903,"[0.794, 0.894)",893
170,1,train,0.79365903,"[0.794, 0.894)",893
167,0,train,0.22437616,"[0.224, 0.516)",706
302,0,train,0.20268339,"[0.203, 0.219)",697
111,0,train,0.22437616,"[0.224, 0.516)",706
213,1,train,0.79365903,"[0.794, 0.894)",893
472,0,train,0.22437616,"[0.224, 0.516)",706
386,0,train,0.22437616,"[0.224, 0.516)",706
596,0,train,0.22100036,"[0.219, 0.224)",704
683,0,train,0.22437616,"[0.224, 0.516)",706
757,0,train,0.22437616,"[0.224, 0.516)",706
634,0,train,0.22437616,"[0.224, 0.516)",706
97,1,train,0.79365903,"[0.794, 0.894)",893
659,1,train,0.79365903,"[0.794, 0.894)",893
574,1,train,0.79365903,"[0.794, 0.894)",893
5,1,train,0.22437616,"[0.224, 0.516)",706
914,1,train,0.79365903,"[0.794, 0.894)",893
776,1,train,0.79365903,"[0.794, 0.894)",893
858,0,train,0.22437616,"[0.224, 0.516)",706
680,1,train,0.79365903,"[0.794, 0.894)",893
970,1,train,0.79365903,"[0.794, 0.894)",893
359,1,train,0.79365903,"[0.794, 0.894)",893
401,1,train,0.79365903,"[0.794, 0.894)",893
943,0,train,0.22437616,"[0.224, 0.516)",706
64,0,train,0.22437616,"[0.224, 0.516)",706
669,0,train,0.22437616,"[0.224, 0.516)",706
50,0,train,0.219093,"[0.219, 0.224)",704
220,1,train,0.79365903,"[0.794, 0.894)",893
855,0,train,0.22437616,"[0.224, 0.516)",706
585,0,train,0.22437616,"[0.224, 0.516)",706
584,1,train,0.79365903,"[0.794, 0.894)",893
416,0,train,0.22437616,"[0.224, 0.516)",706
260,0,train,0.219093,"[0.219, 0.224)",704
126,1,train,0.79365903,"[0.794, 0.894)",893
835,1,train,0.79365903,"[0.794, 0.894)",893
236,1,train,0.79365903,"[0.794, 0.894)",893
833,0,train,0.22437616,"[0.224, 0.516)",706
69,1,train,0.79365903,"[0.794, 0.894)",893
362,0,train,0.22437616,"[0.224, 0.516)",706
832,0,train,0.22437616,"[0.224, 0.516)",706
729,1,train,0.79365903,"[0.794, 0.894)",893
775,0,train,0.22437616,"[0.224, 0.516)",706
877,1,train,0.79365903,"[0.794, 0.894)",893
165,1,train,0.79365903,"[0.794, 0.894)",893
772,0,train,0.22437616,"[0.224, 0.516)",706
975,0,train,0.22437616,"[0.224, 0.516)",706
587,0,train,0.22437616,"[0.224, 0.516)",706
688,1,train,0.79365903,"[0.794, 0.894)",893
113,1,train,0.79365903,"[0.794, 0.894)",893
98,1,train,0.79365903,"[0.794, 0.894)",893
822,1,train,0.79365903,"[0.794, 0.894)",893
26,0,train,0.22437616,"[0.224, 0.516)",706
696,1,train,0.79365903,"[0.794, 0.894)",893
599,1,train,0.79365903,"[0.794, 0.894)",893
595,1,train,0.79365903,"[0.794, 0.894)",893
980,0,train,0.22437616,"[0.224, 0.516)",706
889,0,train,0.22437616,"[0.224, 0.516)",706
666,1,train,0.79365903,"[0.794, 0.894)",893
805,0,train,0.22437616,"[0.224, 0.516)",706
361,0,train,0.22437616,"[0.224, 0.516)",706
363,1,train,0.79365903,"[0.794, 0.894)",893
746,1,train,0.79365903,"[0.794, 0.894)",893
972,0,train,0.219093,"[0.219, 0.224)",704
792,0,train,0.22437616,"[0.224, 0.516)",706
348,0,train,0.22437616,"[0.224, 0.516)",706
268,1,train,0.79365903,"[0.794, 0.894)",893
450,1,train,0.79365903,"[0.794, 0.894)",893
927,1,train,0.79365903,"[0.794, 0.894)",893
37,0,train,0.22437616,"[0.224, 0.516)",706
345,0,train,0.22437616,"[0.224, 0.516)",706
168,0,train,0.22437616,"[0.224, 0.516)",706
615,1,train,0.79365903,"[0.794, 0.894)",893
20,1,train,0.79365903,"[0.794, 0.894)",893
85,1,train,0.79365903,"[0.794, 0.894)",893
350,0,train,0.22437616,"[0.224, 0.516)",706
590,0,train,0.22437616,"[0.224, 0.516)",706
749,0,train,0.22437616,"[0.224, 0.516)",706
354,1,train,0.79365903,"[0.794, 0.894)",893
701,1,train,0.79365903,"[0.794, 0.894)",893
388,0,train,0.22437616,"[0.224, 0.516)",706
827,0,train,0.20268339,"[0.203, 0.219)",697
892,1,train,0.79365903,"[0.794, 0.894)",893
457,1,train,0.79365903,"[0.794, 0.894)",893
848,1,train,0.79365903,"[0.794, 0.894)",893
828,0,train,0.22437616,"[0.224, 0.516)",706
67,0,train,0.22437616,"[0.224, 0.516)",706
441,1,train,0.79365903,"[0.794, 0.894)",893
710,0,train,0.22437616,"[0.224, 0.516)",706
422,0,train,0.22437616,"[0.224, 0.516)",706
614,1,train,0.79365903,"[0.794, 0.894)",893
276,0,train,0.22437616,"[0.224, 0.516)",706
514,0,train,0.22437616,"[0.224, 0.516)",706
556,0,train,0.22437616,"[0.224, 0.516)",706
96,1,train,0.79365903,"[0.794, 0.894)",893
312,1,train,0.79365903,"[0.794, 0.894)",893
508,1,train,0.79365903,"[0.794, 0.894)",893
909,1,train,0.79365903,"[0.794, 0.894)",893
818,0,train,0.22437616,"[0.224, 0.516)",706
375,0,train,0.20268339,"[0.203, 0.219)",697
420,0,train,0.22437616,"[0.224, 0.516)",706
503,1,train,0.7559056,"[0.516, 0.794)",877
854,0,train,0.22437616,"[0.224, 0.516)",706
662,0,train,0.20268339,"[0.203, 0.219)",697
600,1,train,0.79365903,"[0.794, 0.894)",893
984,1,train,0.79365903,"[0.794, 0.894)",893
952,0,train,0.22437616,"[0.224, 0.516)",706
122,1,train,0.79365903,"[0.794, 0.894)",893
195,1,train,0.79365903,"[0.794, 0.894)",893
957,0,train,0.22437616,"[0.224, 0.516)",706
291,1,train,0.79365903,"[0.794, 0.894)",893
407,0,train,0.22437616,"[0.224, 0.516)",706
29,0,train,0.22437616,"[0.224, 0.516)",706
411,1,train,0.79365903,"[0.794, 0.894)",893
663,0,train,0.22437616,"[0.224, 0.516)",706
391,0,train,0.22437616,"[0.224, 0.516)",706
431,0,train,0.22437616,"[0.224, 0.516)",706
239,1,train,0.79365903,"[0.794, 0.894)",893
127,0,train,0.22437616,"[0.224, 0.516)",706
133,0,train,0.22437616,"[0.224, 0.516)",706
897,1,train,0.79365903,"[0.794, 0.894)",893
152,1,train,0.79365903,"[0.794, 0.894)",893
549,1,train,0.79365903,"[0.794, 0.894)",893
377,1,train,0.79365903,"[0.794, 0.894)",893
278,1,train,0.79365903,"[0.794, 0.894)",893
880,1,train,0.79365903,"[0.794, 0.894)",893
189,0,train,0.22437616,"[0.224, 0.516)",706
932,1,train,0.79365903,"[0.794, 0.894)",893
564,0,train,0.22437616,"[0.224, 0.516)",706
896,1,train,0.79365903,"[0.794, 0.894)",893
175,1,train,0.79365903,"[0.794, 0.894)",893
404,0,train,0.22437616,"[0.224, 0.516)",706
795,1,train,0.79365903,"[0.794, 0.894)",893
870,1,train,0.79365903,"[0.794, 0.894)",893
810,0,train,0.22437616,"[0.224, 0.516)",706
992,1,train,0.79365903,"[0.794, 0.894)",893
706,1,train,0.79365903,"[0.794, 0.894)",893
116,0,train,0.22437616,"[0.224, 0.516)",706
603,1,train,0.79365903,"[0.794, 0.894)",893
180,0,train,0.22437616,"[0.224, 0.516)",706
435,1,train,0.79365903,"[0.794, 0.894)",893
642,1,train,0.79365903,"[0.794, 0.894)",893
188,0,train,0.20268339,"[0.203, 0.219)",697
852,0,train,0.20562994,"[0.203, 0.219)",698
809,0,train,0.22437616,"[0.224, 0.516)",706
846,1,train,0.79365903,"[0.794, 0.894)",893
594,0,train,0.22437616,"[0.224, 0.516)",706
132,0,train,0.219093,"[0.219, 0.224)",704
54,1,train,0.79365903,"[0.794, 0.894)",893
519,1,train,0.79365903,"[0.794, 0.894)",893
406,0,train,0.22437616,"[0.224, 0.516)",706
621,1,train,0.79365903,"[0.794, 0.894)",893
219,0,train,0.22100036,"[0.219, 0.224)",704
949,1,train,0.79365903,"[0.794, 0.894)",893
825,0,train,0.22100036,"[0.219, 0.224)",704
509,0,train,0.20268339,"[0.203, 0.219)",697
531,0,train,0.22437616,"[0.224, 0.516)",706
277,0,train,0.22437616,"[0.224, 0.516)",706
647,1,train,0.79365903,"[0.794, 0.894)",893
652,1,train,0.79365903,"[0.794, 0.894)",893
462,0,train,0.22437616,"[0.224, 0.516)",706
87,0,train,0.22437616,"[0.224, 0.516)",706
522,0,train,0.22437616,"[0.224, 0.516)",706
256,0,train,0.219093,"[0.219, 0.224)",704
157,1,train,0.79365903,"[0.794, 0.894)",893
446,1,train,0.79365903,"[0.794, 0.894)",893
808,1,train,0.79365903,"[0.794, 0.894)",893
129,1,train,0.79365903,"[0.794, 0.894)",893
548,1,train,0.79365903,"[0.794, 0.894)",893
7,1,train,0.7559056,"[0.516, 0.794)",877
592,0,train,0.22437616,"[0.224, 0.516)",706
898,0,train,0.219093,"[0.219, 0.224)",704
670,1,train,0.79365903,"[0.794, 0.894)",893
151,0,train,0.22437616,"[0.224, 0.516)",706
95,0,train,0.22437616,"[0.224, 0.516)",706
766,0,train,0.22437616,"[0.224, 0.516)",706
724,0,train,0.22437616,"[0.224, 0.516)",706
436,1,train,0.79365903,"[0.794, 0.894)",893
797,0,train,0.79365903,"[0.794, 0.894)",893
583,1,train,0.79365903,"[0.794, 0.894)",893
920,0,train,0.22437616,"[0.224, 0.516)",706
94,1,train,0.79365903,"[0.794, 0.894)",893
430,1,train,0.79365903,"[0.794, 0.894)",893
53,1,train,0.79365903,"[0.794, 0.894)",893
969,0,train,0.22437616,"[0.224, 0.516)",706
279,1,train,0.79365903,"[0.794, 0.894)",893
998,0,train,0.22437616,"[0.224, 0.516)",706
0,1,train,0.79365903,"[0.794, 0.894)",893
715,0,train,0.22437616,"[0.224, 0.516)",706
997,0,train,0.22437616,"[0.224, 0.516)",706
675,0,train,0.22437616,"[0.224, 0.516)",706
521,1,train,0.79365903,"[0.794, 0.894)",893
394,1,train,0.79365903,"[0.794, 0.894)",893
576,0,train,0.22437616,"[0.224, 0.516)",706
117,0,train,0.22437616,"[0.224, 0.516)",706
831,1,train,0.79365903,"[0.794, 0.894)",893
488,1,train,0.79365903,"[0.794, 0.894)",893
518,1,train,0.79365903,"[0.794, 0.894)",893
46,1,train,0.79365903,"[0.794, 0.894)",893
121,0,train,0.22437616,"[0.224, 0.516)",706
838,0,train,0.22437616,"[0.224, 0.516)",706
48,1,train,0.79365903,"[0.794, 0.894)",893
273,1,train,0.79365903,"[0.794, 0.894)",893
918,0,train,0.22437616,"[0.224, 0.516)",706
693,1,train,0.79365903,"[0.794, 0.894)",893
30,0,train,0.22437616,"[0.224, 0.516)",706
8,1,train,0.79365903,"[0.794, 0.894)",893
499,0,train,0.22100036,"[0.219, 0.224)",704
387,1,train,0.79365903,"[0.794, 0.894)",893
164,1,train,0.79365903,"[0.794, 0.894)",893
999,0,train,0.22437616,"[0.224, 0.516)",706
881,1,train,0.79365903,"[0.794, 0.894)",893
28,1,train,0.79365903,"[0.794, 0.894)",893
218,1,train,0.79365903,"[0.794, 0.894)",893
734,0,train,0.22437616,"[0.224, 0.516)",706
648,1,train,0.79365903,"[0.794, 0.894)",893
811,0,train,0.22437616,"[0.224, 0.516)",706
867,0,train,0.22437616,"[0.224, 0.516)",706
33,1,train,0.79365903,"[0.794, 0.894)",893
784,1,train,0.79365903,"[0.794, 0.894)",893
853,0,train,0.22437616,"[0.224, 0.516)",706
207,0,train,0.22437616,"[0.224, 0.516)",706
257,1,train,0.79365903,"[0.794, 0.894)",893
82,1,train,0.79365903,"[0.794, 0.894)",893
148,1,train,0.79365903,"[0.794, 0.894)",893
336,0,train,0.22437616,"[0.224, 0.516)",706
66,0,train,0.22437616,"[0.224, 0.516)",706
507,1,train,0.79365903,"[0.794, 0.894)",893
546,1,train,0.79365903,"[0.794, 0.894)",893
43,0,train,0.20562994,"[0.203, 0.219)",698
109,0,train,0.22437616,"[0.224, 0.516)",706
887,0,train,0.22437616,"[0.224, 0.516)",706
754,0,train,0.22437616,"[0.224, 0.516)",706
756,1,train,0.79365903,"[0.794, 0.894)",893
523,1,train,0.79365903,"[0.794, 0.894)",893
610,0,train,0.22437616,"[0.224, 0.516)",706
449,1,train,0.79365903,"[0.794, 0.894)",893
15,0,train,0.22100036,"[0.219, 0.224)",704
934,0,train,0.22437616,"[0.224, 0.516)",706
945,0,train,0.22437616,"[0.224, 0.516)",706
707,0,train,0.22437616,"[0.224, 0.516)",706
856,1,train,0.43460673,"[0.224, 0.516)",776
985,0,train,0.22437616,"[0.224, 0.516)",706
145,0,train,0.20562994,"[0.203, 0.219)",698
4,1,train,0.79365903,"[0.794, 0.894)",893
461,0,train,0.22437616,"[0.224, 0.516)",706
687,1,train,0.79365903,"[0.794, 0.894)",893
443,1,train,0.79365903,"[0.794, 0.894)",893
484,0,train,0.22437616,"[0.224, 0.516)",706
563,0,train,0.22437616,"[0.224, 0.516)",706
983,0,train,0.22437616,"[0.224, 0.516)",706
334,0,train,0.22437616,"[0.224, 0.516)",706
925,1,train,0.79365903,"[0.794, 0.894)",893
137,1,train,0.79365903,"[0.794, 0.894)",893
745,0,train,0.20268339,"[0.203, 0.219)",697
812,0,train,0.22437616,"[0.224, 0.516)",706
860,1,train,0.79365903,"[0.794, 0.894)",893
645,1,train,0.79365903,"[0.794, 0.894)",893
300,0,train,0.22437616,"[0.224, 0.516)",706
633,0,train,0.219093,"[0.219, 0.224)",704
222,1,train,0.79365903,"[0.794, 0.894)",893
1,1,train,0.79365903,"[0.794, 0.894)",893
191,0,train,0.22437616,"[0.224, 0.516)",706
437,1,train,0.79365903,"[0.794, 0.894)",893
946,0,train,0.219093,"[0.219, 0.224)",704
84,0,train,0.22437616,"[0.224, 0.516)",706
